cruise,station,BEGIN_GMT_TOWDATE,average_depth,decimalLatitude,decimalLongitude
201804,9,9/5/2018 10:52,60,38.628883,-73.770222
201804,10,9/5/2018 13:45,63,38.418743,-73.883848
201804,11,9/5/2018 16:07,60,38.439035,-74.062472
201804,12,9/5/2018 18:07,68,38.284947,-73.966862
201804,13,9/5/2018 20:22,75,38.187887,-74.070193
201804,14,9/5/2018 23:02,119,38.217877,-73.759582
201804,15,9/6/2018 2:38,265,38.010873,-73.884855
201804,16,9/6/2018 4:40,128,38.01487,-73.9913
201804,17,9/6/2018 6:29,107,38.021117,-74.073407
201804,18,9/6/2018 9:10,197,37.893333,-74.02011
201804,19,9/6/2018 10:52,147,37.889013,-74.097102
201804,20,9/6/2018 14:38,214,37.586758,-74.28807
201804,21,9/6/2018 16:27,101,37.56542,-74.382478
201804,22,9/6/2018 17:55,121,37.502432,-74.376872
201804,23,9/6/2018 19:53,88,37.410303,-74.569535
201804,24,9/6/2018 21:57,50,37.413237,-74.758375
201804,26,9/7/2018 3:15,34,37.834918,-74.814808
201804,27,9/7/2018 5:48,31,37.584103,-75.02385
201804,28,9/7/2018 8:17,36,37.303325,-75.090352
201804,29,9/7/2018 10:33,42,37.17858,-74.978918
201804,30,9/7/2018 12:42,57,37.226553,-74.769222
201804,31,9/7/2018 15:16,149,37.27699,-74.516943
201804,32,9/7/2018 18:04,250,37.105387,-74.700947
201804,33,9/7/2018 21:22,203,36.851577,-74.644782
201804,34,9/7/2018 23:20,132,36.784398,-74.666027
201804,35,9/8/2018 1:59,42,36.840177,-74.887588
201804,36,9/8/2018 5:41,219,36.515875,-74.738855
201804,37,9/8/2018 8:12,43,36.4942,-74.96195
201804,38,9/8/2018 9:56,45,36.430815,-75.015373
201804,39,9/8/2018 12:26,77,36.332722,-74.855493
201804,40,9/8/2018 14:51,134,36.296715,-74.794063
201804,41,9/8/2018 16:58,197,36.35343,-74.77362
201804,42,9/8/2018 18:48,194,36.281415,-74.779122
201804,43,9/8/2018 20:47,149,36.127777,-74.796073
201804,44,9/8/2018 22:38,143,36.011597,-74.808033
201804,45,9/9/2018 0:13,100,35.99729,-74.845633
201804,46,9/9/2018 1:53,89,35.950168,-74.895735
201804,47,9/9/2018 3:58,48,35.832475,-75.012995
201804,48,9/9/2018 6:09,33,35.779708,-75.130147
201804,49,9/9/2018 8:25,25,35.699078,-75.33631
201804,50,9/9/2018 10:04,27,35.569427,-75.34957
201804,51,9/9/2018 11:50,31,35.5717,-75.253627
201804,52,9/9/2018 13:40,27,35.38687,-75.270463
201804,53,9/9/2018 16:00,32,35.148458,-75.28381
201804,54,9/9/2018 17:42,61,35.089345,-75.313445
201804,55,9/9/2018 19:17,59,35.03291,-75.400957
201804,56,9/9/2018 20:38,26,35.06673,-75.457103
201804,57,9/9/2018 23:14,26,34.951752,-75.821248
201804,58,9/10/2018 1:28,47,34.790883,-75.69569
201804,59,9/10/2018 4:11,37,34.653088,-76.031232
201804,60,9/10/2018 7:10,223,34.413302,-75.813392
201804,61,9/10/2018 9:13,133,34.560577,-75.740285
201804,62,9/10/2018 11:55,166,34.708888,-75.583837
201804,63,9/10/2018 15:13,288,34.928623,-75.310557
201804,64,9/10/2018 22:59,28,35.921885,-75.36871
201804,65,9/11/2018 2:44,29,36.309992,-75.487218
201804,66,9/11/2018 5:05,28,36.39184,-75.59536
201804,67,9/11/2018 7:00,25,36.517247,-75.685125
201804,68,9/11/2018 9:12,21,36.642002,-75.49383
201804,69,9/11/2018 11:56,21,36.879655,-75.72134
201804,70,9/11/2018 18:40,27,37.350008,-75.459168
201804,71,9/11/2018 20:23,22,37.482258,-75.395405
201804,72,9/11/2018 23:24,26,37.732352,-75.27164
201804,73,9/12/2018 1:48,27,37.910562,-75.071128
201804,74,9/12/2018 4:03,31,37.91426,-75.016667
201804,75,9/12/2018 6:19,19,38.13516,-74.984935
201804,76,9/12/2018 7:56,21,38.248403,-74.915823
201804,77,9/12/2018 10:45,30,38.4818,-74.61426
201804,78,9/12/2018 12:51,32,38.602245,-74.788467
201804,79,9/12/2018 14:31,24,38.649567,-74.899302
201804,80,9/12/2018 17:19,21,38.795802,-74.767403
201804,82,9/12/2018 20:24,20,39.012767,-74.572842
201804,83,9/12/2018 22:23,24,39.079433,-74.44209
201804,84,9/12/2018 23:55,28,39.13562,-74.370955
201804,85,9/13/2018 2:21,21,39.188575,-74.48442
201804,86,9/13/2018 5:07,23,39.353115,-74.161668
201804,87,9/13/2018 7:13,25,39.52526,-74.000132
201804,89,9/13/2018 11:13,26,39.614215,-73.978203
201804,90,9/13/2018 12:41,29,39.677755,-73.910267
201804,91,9/13/2018 14:02,25,39.745447,-73.982783
201804,93,9/13/2018 18:50,24,40.21845,-73.881228
201804,94,9/13/2018 21:43,41,40.1749,-73.652357
201804,95,9/13/2018 23:56,44,40.156113,-73.503802
201804,96,9/14/2018 2:06,30,40.237492,-73.622193
201804,97,9/14/2018 4:32,25,40.300685,-73.887078
201804,98,9/14/2018 6:29,40,40.393508,-73.804915
201804,99,9/14/2018 8:13,24,40.399857,-73.62495
201804,100,9/14/2018 11:46,25,40.45903,-73.565818
201804,101,9/14/2018 13:42,25,40.522175,-73.363722
201804,102,9/14/2018 15:37,29,40.52685,-73.17292
201804,103,9/14/2018 17:07,29,40.551035,-73.058025
201804,104,9/14/2018 20:22,28,40.747557,-72.646153
201804,105,9/14/2018 22:24,40,40.598545,-72.563973
201804,106,9/14/2018 23:58,45,40.543672,-72.499072
201804,107,9/15/2018 2:33,34,40.722123,-72.49973
201804,108,9/15/2018 4:27,28,40.81487,-72.401817
201804,109,9/15/2018 6:03,31,40.865265,-72.232978
201804,110,9/15/2018 7:25,30,40.904865,-72.113407
201804,111,9/15/2018 10:47,58,40.510068,-72.192392
201804,112,9/15/2018 15:10,81,39.930375,-72.322143
201804,113,9/15/2018 16:54,79,39.81429,-72.416492
201804,114,9/15/2018 18:48,76,39.859963,-72.444147
201804,115,9/15/2018 21:47,75,39.65208,-72.703047
201804,116,9/16/2018 0:41,67,39.408272,-73.028278
201804,117,9/16/2018 2:58,67,39.624602,-73.034733
201804,118,9/16/2018 4:41,59,39.730647,-72.99765
201804,119,9/16/2018 7:43,71,39.9692,-73.281538
201804,120,9/16/2018 10:17,42,39.7229,-73.27549
201804,121,9/16/2018 12:41,39,39.543377,-73.250762
201804,122,9/16/2018 14:43,38,39.556985,-73.562213
201804,123,9/16/2018 17:21,52,39.320923,-73.393907
201804,124,9/16/2018 20:11,48,39.126652,-73.607445
201804,125,9/16/2018 21:55,43,39.021297,-73.74253
201804,126,9/17/2018 0:23,48,38.770962,-73.791428
201804,127,9/17/2018 2:59,67,38.81528,-73.43774
201804,128,9/17/2018 4:55,67,38.985052,-73.383445
201804,129,9/17/2018 8:00,91,38.650337,-73.319373
201804,130,9/17/2018 9:40,132,38.655257,-73.204118
201804,131,9/17/2018 11:57,201,38.664388,-73.11797
201804,132,9/17/2018 13:33,197,38.709577,-73.074773
201804,133,9/17/2018 15:12,90,38.820558,-73.107827
201804,134,9/17/2018 17:47,118,38.862238,-72.97281
201804,135,9/17/2018 19:30,205,38.869058,-72.916367
201804,136,9/17/2018 21:33,92,38.992463,-72.950692
201804,137,9/17/2018 23:46,122,39.013518,-72.8467
201804,138,9/18/2018 2:45,120,39.284958,-72.708032
201804,139,9/18/2018 5:19,212,39.239937,-72.446478
201804,140,9/18/2018 7:33,148,39.294983,-72.482768
201804,141,9/18/2018 9:43,230,39.325805,-72.297822
201804,142,9/18/2018 12:12,258,39.376103,-72.254497
201804,143,9/18/2018 14:49,144,39.54832,-72.229222
201804,144,9/18/2018 18:47,116,39.936108,-71.854188
201804,145,9/18/2018 21:40,126,39.991123,-71.429225
201804,146,9/18/2018 23:59,268,39.983175,-71.29107
201804,147,9/19/2018 2:54,244,40.030385,-71.165898
201804,148,9/19/2018 5:23,224,40.06095,-71.01326
201804,149,9/19/2018 7:53,121,40.12504,-71.262995
201804,150,9/19/2018 10:11,88,40.157032,-71.573265
201804,151,9/19/2018 12:25,76,40.376612,-71.752762
201804,152,9/19/2018 14:29,67,40.571692,-71.792797
201804,153,9/19/2018 16:11,58,40.584405,-71.93805
201804,154,9/19/2018 18:16,54,40.625518,-71.959812
201804,155,9/19/2018 20:52,37,40.88979,-71.887548
201804,157,9/20/2018 1:03,23,40.995207,-71.885685
201804,158,9/20/2018 3:13,28,41.02528,-71.758053
201804,159,9/20/2018 4:53,41,41.013073,-71.692658
201804,160,9/20/2018 8:44,64,40.641998,-71.43969
201804,161,9/20/2018 11:58,66,40.620138,-71.155052
201804,163,9/20/2018 16:00,59,40.843713,-71.063218
201804,164,9/20/2018 18:33,48,41.004027,-71.344045
201804,165,9/25/2018 17:58,42,41.253555,-71.485877
201804,168,9/26/2018 4:17,33,41.418962,-71.318775
201804,169,9/26/2018 8:22,43,41.260153,-71.16017
201804,171,9/26/2018 16:38,24,41.308277,-70.644663
201804,172,9/26/2018 20:22,50,40.959687,-70.743005
201804,173,9/26/2018 22:52,55,40.862893,-70.63394
201804,174,9/27/2018 1:18,50,40.932672,-70.513423
201804,175,9/27/2018 4:51,28,41.19502,-70.268758
201804,176,9/27/2018 8:37,27,40.907298,-70.112093
201804,177,9/27/2018 10:49,30,40.834008,-70.104302
201804,178,9/27/2018 12:36,42,40.788413,-70.17671
201804,179,9/27/2018 16:33,44,40.738118,-69.637407
201804,181,9/27/2018 22:28,60,40.562723,-70.161892
201804,182,9/28/2018 2:21,91,40.359,-70.485303
201804,183,9/28/2018 5:40,124,40.261862,-70.890048
201804,184,9/28/2018 8:08,135,40.11973,-70.735222
201804,185,9/28/2018 12:12,193,40.04744,-70.40288
201804,186,9/28/2018 14:59,125,40.133133,-70.17345
201804,187,9/28/2018 17:03,102,40.185958,-69.968825
201804,188,9/28/2018 19:52,154,40.035663,-69.995305
201804,189,9/28/2018 23:09,207,39.944412,-69.571123
201804,190,9/29/2018 3:49,201,40.063398,-69.067763
201804,191,9/29/2018 6:05,142,40.164217,-68.974547
201804,192,9/29/2018 8:08,138,40.176793,-69.042085
201804,193,9/29/2018 10:22,100,40.282908,-69.034442
201804,194,9/29/2018 12:11,99,40.218353,-69.190137
201804,195,9/29/2018 14:35,81,40.30737,-69.391793
201804,197,9/29/2018 19:45,67,40.614243,-68.904363
201804,198,9/29/2018 21:34,78,40.461348,-68.794708
201804,199,9/30/2018 1:06,200,40.204927,-68.56146
201804,200,9/30/2018 3:57,207,40.223462,-68.494162
201804,201,9/30/2018 7:17,81,40.530133,-68.548415
201804,202,9/30/2018 9:07,69,40.603285,-68.524738
201804,203,9/30/2018 11:09,69,40.647162,-68.472728
201804,204,9/30/2018 13:20,96,40.581445,-68.254997
201804,205,9/30/2018 16:09,70,40.810752,-67.997383
201804,206,9/30/2018 17:39,66,40.819207,-68.0798
201804,207,9/30/2018 19:47,49,40.909705,-68.07383
201804,208,9/30/2018 22:00,52,40.853738,-68.220842
201804,209,10/1/2018 2:06,62,41.214598,-68.558077
201804,210,10/1/2018 4:07,65,41.21583,-68.625393
201804,211,10/1/2018 6:22,77,41.282715,-68.697435
201804,212,10/1/2018 9:05,100,41.21129,-68.866142
201804,213,10/1/2018 13:05,68,40.893002,-69.196735
201804,214,10/1/2018 17:59,50,41.308772,-69.367602
201804,215,10/1/2018 19:50,82,41.364362,-69.326877
201804,216,10/1/2018 23:41,35,41.363285,-69.485048
201804,218,10/2/2018 13:51,45,41.567265,-69.621013
201804,219,10/2/2018 17:56,22,41.74926,-69.887868
201804,220,10/2/2018 20:26,25,41.923443,-69.944782
201804,221,10/2/2018 23:47,27,41.976642,-69.972758
201804,222,10/3/2018 3:10,82,42.051112,-69.90657
201804,223,10/3/2018 5:55,52,42.118035,-70.05862
201804,224,10/3/2018 8:06,66,42.101332,-70.217368
201804,225,10/3/2018 11:09,63,42.139173,-70.261237
201804,226,10/3/2018 12:57,62,42.161475,-70.361035
201804,227,10/3/2018 14:47,57,42.043727,-70.339508
201804,228,10/3/2018 17:45,35,41.916563,-70.30329
201804,229,10/10/2018 9:46,117,40.48508,-67.826495
201804,230,10/10/2018 12:50,128,40.530938,-67.544493
201804,231,10/10/2018 15:02,100,40.627118,-67.405263
201804,232,10/10/2018 17:42,111,40.649087,-67.18202
201804,233,10/10/2018 20:07,182,40.561228,-67.145175
201804,234,10/10/2018 22:47,102,40.75287,-67.10386
201804,235,10/11/2018 1:34,185,40.689265,-66.91036
201804,236,10/11/2018 3:41,199,40.723448,-66.845315
201804,237,10/11/2018 5:46,105,40.870643,-66.743477
201804,238,10/11/2018 8:02,74,40.99699,-66.89743
201804,239,10/11/2018 10:28,70,41.125113,-66.984625
201804,240,10/11/2018 12:40,63,41.1556,-67.168548
201804,241,10/11/2018 16:38,42,41.345103,-67.71338
201804,242,10/11/2018 18:34,42,41.32231,-67.764223
201804,243,10/11/2018 21:17,51,41.058025,-67.887013
201804,244,10/12/2018 1:47,48,41.542598,-68.364945
201804,245,10/12/2018 4:54,76,41.369833,-68.494165
201804,246,10/12/2018 7:51,137,41.40366,-68.786895
201804,247,10/12/2018 9:55,141,41.360538,-68.880233
201804,248,10/12/2018 12:55,158,41.545953,-68.821828
201804,250,10/13/2018 1:24,229,42.336647,-69.076437
201804,251,10/13/2018 4:43,167,42.168217,-69.071173
201804,252,10/13/2018 9:05,208,42.133082,-69.418105
201804,253,10/13/2018 12:39,200,41.928212,-69.08451
201804,254,10/13/2018 17:46,215,42.30405,-68.802022
201804,255,10/13/2018 22:31,174,41.93849,-68.4738
201804,256,10/14/2018 0:50,204,41.926758,-68.376825
201804,257,10/14/2018 4:09,51,41.737337,-68.182437
201804,258,10/14/2018 6:32,59,41.82589,-67.990753
201804,259,10/14/2018 8:41,36,41.77437,-67.914397
201804,260,10/14/2018 11:23,41,41.7327,-67.600497
201804,261,10/14/2018 16:39,40,41.51256,-67.420102
201804,262,10/14/2018 18:32,49,41.401017,-67.331413
201804,263,10/14/2018 20:23,51,41.366727,-67.172528
201804,264,10/15/2018 0:09,76,41.354738,-66.769342
201804,265,10/15/2018 2:07,75,41.261423,-66.77518
201804,266,10/15/2018 7:22,367,40.897542,-66.531173
201804,268,10/15/2018 13:26,123,40.96812,-66.537475
201804,269,10/15/2018 15:14,177,41.008782,-66.46665
201804,270,10/17/2018 15:18,251,42.370088,-69.815385
201804,272,10/18/2018 2:35,33,41.900797,-70.222973
201804,273,10/18/2018 15:37,28,41.83769,-70.346468
201804,274,10/31/2018 5:56,182,42.503703,-68.7267
201804,275,10/31/2018 7:44,205,42.513228,-68.619183
201804,276,10/31/2018 10:44,206,42.481105,-68.292443
201804,277,10/31/2018 12:59,182,42.510323,-68.233523
201804,278,10/31/2018 15:47,205,42.671327,-68.131015
201804,279,10/31/2018 19:54,211,42.978037,-68.352935
201804,280,10/31/2018 23:36,177,42.950732,-68.858663
201804,281,11/1/2018 2:07,183,42.850912,-68.853167
201804,282,11/1/2018 5:59,151,42.841003,-69.39892
201804,283,11/1/2018 8:00,204,42.764812,-69.549968
201804,284,11/1/2018 11:03,186,42.76289,-70.000395
201804,285,11/1/2018 13:43,216,42.840157,-69.94803
201804,286,11/1/2018 15:56,185,42.887587,-69.977483
201804,287,11/1/2018 17:40,117,42.895048,-70.056053
201804,288,11/1/2018 20:49,131,43.095945,-70.319127
201804,289,11/1/2018 23:41,144,42.926935,-70.274347
201804,290,11/2/2018 2:27,80,42.793277,-70.15075
201804,291,11/2/2018 4:21,59,42.76909,-70.263702
201804,292,11/2/2018 8:59,28,42.765672,-70.748725
201804,293,11/2/2018 12:21,33,42.709747,-70.673008
201804,294,11/2/2018 16:10,62,42.484218,-70.697098
201804,295,11/2/2018 18:47,43,42.439652,-70.806293
201804,296,11/2/2018 22:05,71,42.369548,-70.655738
201804,298,11/3/2018 3:10,38,42.243413,-70.595022
201804,299,11/3/2018 5:01,58,42.248755,-70.5455
201804,300,11/3/2018 6:56,37,42.230005,-70.576973
201804,301,11/3/2018 13:57,29,41.841403,-70.355358
201804,302,11/3/2018 16:32,31,41.887933,-70.435937
201804,303,11/4/2018 22:14,187,42.090402,-67.705542
201804,304,11/5/2018 0:39,109,42.093207,-67.5083
201804,305,11/5/2018 2:35,188,42.129195,-67.47551
201804,306,11/5/2018 4:46,51,42.019827,-67.348623
201804,307,11/5/2018 9:27,216,42.195742,-66.744237
201804,308,11/5/2018 12:16,265,42.254253,-66.60231
201804,311,11/5/2018 17:01,85,42.118402,-66.500595
201804,312,11/5/2018 19:03,85,41.978115,-66.382703
201804,313,11/5/2018 20:40,83,41.9235,-66.330953
201804,314,11/5/2018 22:38,96,41.963723,-66.138723
201804,315,11/6/2018 0:25,98,41.9164,-66.036148
201804,316,11/6/2018 2:55,109,41.873492,-65.911953
201804,317,11/6/2018 5:43,93,41.804745,-66.090972
201804,318,11/6/2018 9:26,131,41.748157,-65.836125
201804,320,11/6/2018 15:32,248,41.986598,-65.76335
201804,321,11/6/2018 20:34,247,42.281973,-66.152512
201804,323,11/7/2018 1:29,245,42.384462,-66.238695
201804,324,11/7/2018 4:45,251,42.421138,-66.319872
201804,325,11/9/2018 13:49,174,43.050857,-69.7873
201804,327,11/9/2018 22:00,167,43.338665,-69.449923
201804,328,11/10/2018 1:24,185,43.274057,-69.870528
201804,329,11/11/2018 19:41,116,43.5024,-69.92839
201804,330,11/12/2018 6:20,83,43.7985,-69.07
201804,331,11/12/2018 11:43,91,43.738578,-68.85837
201804,332,11/12/2018 15:51,140,43.45694,-68.983153
201804,333,11/12/2018 18:12,162,43.318243,-69.066282
201804,334,11/13/2018 0:08,115,43.300462,-70.174927
201802,5,3/14/2018 20:00,20,36.882465,-75.731257
201802,6,3/14/2018 23:08,27,36.96298,-75.544093
201802,7,3/15/2018 2:04,22,37.232755,-75.534612
201802,8,3/15/2018 3:49,22,37.287628,-75.49652
201802,9,3/15/2018 6:35,22,37.488978,-75.38703
201802,10,3/15/2018 9:26,31,37.347877,-75.167565
201802,11,3/15/2018 12:38,40,37.016537,-75.103048
201802,13,3/15/2018 16:36,30,36.867112,-75.393828
201802,14,3/15/2018 19:06,25,36.775978,-75.573143
201802,15,3/15/2018 21:02,19,36.660885,-75.689243
201802,16,3/15/2018 23:32,26,36.513958,-75.631943
201802,17,3/16/2018 1:41,26,36.43024,-75.616125
201802,18,3/16/2018 3:39,26,36.316705,-75.584295
201802,20,3/16/2018 6:02,26,36.334208,-75.535078
201802,21,3/16/2018 9:03,36,36.578477,-75.33744
201802,22,3/16/2018 11:52,35,36.43048,-75.317408
201802,23,3/16/2018 13:44,34,36.283,-75.25592
201802,24,3/16/2018 15:57,35,36.134122,-75.133568
201802,25,3/16/2018 18:48,26,36.120622,-75.53557
201802,26,3/16/2018 20:14,24,36.025688,-75.60146
201802,27,3/16/2018 22:56,25,35.938717,-75.403717
201802,29,3/17/2018 6:15,25,35.643413,-75.298752
201802,30,3/17/2018 8:26,28,35.544245,-75.338513
201802,31,3/17/2018 10:30,26,35.523932,-75.283368
201802,32,3/17/2018 12:48,23,35.407312,-75.396465
201802,33,3/17/2018 18:22,,35.651533,-74.79871
201802,34,3/17/2018 21:14,77,36.001088,-74.910325
201802,35,3/18/2018 1:59,139,35.989058,-74.810988
201802,36,3/18/2018 4:11,108,36.092745,-74.819585
201802,37,3/18/2018 6:36,239,36.092912,-74.783502
201802,38,3/18/2018 9:50,66,36.201242,-74.904108
201802,39,3/18/2018 12:20,121,36.261128,-74.79264
201802,40,3/18/2018 15:41,183,36.430805,-74.777818
201802,42,3/18/2018 18:23,156,36.705305,-74.677445
201802,45,3/19/2018 1:51,39,36.86205,-74.94184
201802,46,3/19/2018 5:18,126,37.101572,-74.75713
201802,47,3/19/2018 9:22,192,37.107328,-74.710515
201802,48,3/19/2018 12:03,128,37.207627,-74.554118
201802,49,3/19/2018 13:38,99,37.31336,-74.556547
201802,50,3/19/2018 16:07,70,37.529508,-74.530685
201802,51,3/19/2018 18:58,65,37.700102,-74.468875
201802,52,3/19/2018 21:35,233,37.513902,-74.334965
201802,53,3/20/2018 0:17,230,37.588445,-74.282582
201802,54,3/20/2018 2:18,136,37.752118,-74.206913
201802,55,3/20/2018 6:25,197,38.046708,-73.864358
201802,56,3/20/2018 9:45,241,38.12821,-73.766648
201802,57,3/20/2018 12:24,145,38.182055,-73.717943
201802,59,3/28/2018 22:17,29,41.035787,-71.747845
201802,60,3/29/2018 0:15,31,40.961473,-71.883567
201802,61,3/29/2018 1:43,26,40.967283,-71.976528
201802,62,3/29/2018 3:02,26,40.94412,-72.041225
201802,63,3/29/2018 4:20,27,40.907482,-72.134652
201802,64,3/29/2018 6:20,48,40.71089,-72.272082
201802,65,3/29/2018 8:03,34,40.797907,-72.341923
201802,66,3/29/2018 9:29,29,40.82061,-72.381762
201802,67,3/29/2018 11:04,32,40.773985,-72.470183
201802,68,3/29/2018 13:00,39,40.670403,-72.589452
201802,69,3/29/2018 15:10,43,40.59403,-72.541605
201802,70,3/29/2018 17:50,26,40.68876,-72.846485
201802,71,3/29/2018 19:30,25,40.573105,-72.985593
201802,72,3/29/2018 21:56,24,40.517022,-73.324195
201802,73,3/29/2018 23:34,28,40.427215,-73.394078
201802,74,3/30/2018 1:25,24,40.409598,-73.584398
201802,75,3/30/2018 3:24,26,40.492875,-73.769245
201802,76,3/30/2018 5:12,26,40.354043,-73.740622
201802,77,3/30/2018 7:58,25,40.188228,-73.890805
201802,78,3/30/2018 10:02,28,40.170607,-73.840298
201802,80,3/30/2018 15:03,42,40.184432,-73.503643
201802,81,3/30/2018 17:07,41,40.13644,-73.383657
201802,82,3/30/2018 19:28,45,40.030548,-73.533125
201802,83,3/30/2018 22:27,24,39.854053,-73.967745
201802,84,3/31/2018 0:45,29,39.74755,-73.873225
201802,85,3/31/2018 2:59,27,39.606705,-73.735068
201802,86,3/31/2018 4:55,26,39.571168,-73.944737
201802,87,3/31/2018 6:14,23,39.544465,-74.048645
201802,88,3/31/2018 8:07,26,39.470992,-73.975937
201802,89,3/31/2018 9:26,26,39.418917,-74.045085
201802,90,3/31/2018 11:54,38,39.338718,-73.77634
201802,91,3/31/2018 14:16,27,39.226633,-74.105222
201802,92,3/31/2018 15:46,23,39.14568,-74.220445
201802,93,3/31/2018 17:23,23,39.143355,-74.375738
201802,94,3/31/2018 19:21,19,38.956713,-74.534897
201802,96,4/1/2018 1:03,19,38.793008,-74.793125
201802,97,4/1/2018 2:46,26,38.724705,-74.920783
201802,98,4/1/2018 4:58,22,38.635482,-74.8865
201802,99,4/1/2018 7:05,21,38.57433,-74.715218
201802,100,4/1/2018 9:40,39,38.461383,-74.519682
201802,101,4/1/2018 12:29,21,38.38402,-74.874855
201802,105,4/1/2018 14:44,23,38.241685,-74.913595
201802,108,4/1/2018 17:33,31,38.003008,-74.91948
201802,109,4/1/2018 18:56,17,38.023178,-74.983345
201802,110,4/1/2018 20:08,20,37.970838,-75.04164
201802,111,4/1/2018 22:05,28,37.849955,-75.098788
201802,112,4/1/2018 23:21,21,37.800375,-75.15738
201802,113,4/2/2018 2:23,49,37.774953,-74.707402
201802,114,4/2/2018 4:59,40,38.044427,-74.564582
201802,115,4/2/2018 7:43,106,37.991005,-74.12356
201802,116,4/2/2018 9:49,81,38.15679,-73.997775
201802,117,4/2/2018 12:04,124,38.21179,-73.87147
201802,118,4/2/2018 14:40,59,38.425765,-73.990745
201802,119,4/2/2018 17:49,60,38.574372,-73.815415
201802,120,4/2/2018 22:02,120,38.500075,-73.355838
201802,121,4/3/2018 0:20,193,38.510658,-73.291155
201802,122,4/3/2018 2:31,206,38.551068,-73.242297
201802,123,4/3/2018 4:14,157,38.569383,-73.246812
201802,124,4/3/2018 7:05,195,38.719193,-73.06555
201802,125,4/3/2018 9:45,90,38.989587,-72.941852
201802,126,4/3/2018 11:37,118,39.11846,-72.7953
201802,127,4/3/2018 13:45,73,39.276623,-72.976895
201802,128,4/3/2018 15:42,63,39.240588,-73.172552
201802,129,4/3/2018 17:31,62,39.357358,-73.129247
201802,130,4/3/2018 19:19,66,39.505143,-73.073777
201802,131,4/3/2018 20:46,68,39.576245,-73.02817
201802,132,4/4/2018 0:34,142,39.281108,-72.585298
201802,133,4/4/2018 2:36,198,39.182682,-72.564218
201802,134,4/4/2018 4:25,203,39.240095,-72.44846
201802,135,4/4/2018 6:56,122,39.482845,-72.429153
201802,136,4/4/2018 10:42,194,39.598045,-72.065113
201802,137,4/4/2018 12:53,151,39.68642,-72.065797
201802,138,4/14/2018 17:30,44,41.265783,-71.502392
201802,140,4/14/2018 22:07,48,41.052382,-71.35857
201802,141,4/15/2018 0:40,56,40.931383,-71.544113
201802,143,4/15/2018 23:56,34,41.889472,-70.412003
201802,144,4/16/2018 1:38,30,41.846653,-70.418668
201802,145,4/16/2018 3:59,36,41.911418,-70.257403
201802,146,4/16/2018 6:02,33,41.954768,-70.194963
201802,147,4/16/2018 12:30,54,42.040655,-70.429672
201802,148,4/17/2018 20:30,32,41.361268,-71.145582
201802,149,4/18/2018 0:52,62,40.885202,-71.439065
201802,150,4/18/2018 3:45,69,40.696722,-71.487238
201802,151,4/18/2018 7:01,57,40.81472,-71.728207
201802,152,4/18/2018 9:45,61,40.619975,-71.773508
201802,153,4/18/2018 13:17,76,40.377098,-71.751862
201802,154,4/18/2018 17:39,62,40.244742,-72.239772
201802,155,4/18/2018 19:57,69,40.193282,-72.167367
201802,156,4/19/2018 0:33,203,39.899977,-71.62622
201802,157,4/19/2018 2:58,189,39.933298,-71.500515
201802,158,4/19/2018 7:20,217,40.06006,-71.016753
201802,159,4/19/2018 10:37,102,40.323888,-70.941507
201802,160,4/19/2018 12:58,134,40.152495,-70.814382
201802,161,4/19/2018 15:05,137,40.055582,-70.72235
201802,162,4/19/2018 18:03,120,40.138117,-70.539767
201802,163,4/19/2018 20:49,91,40.341258,-70.497097
201802,164,4/19/2018 23:03,101,40.248858,-70.3797
201802,165,4/20/2018 1:11,116,40.162723,-70.305523
201802,166,4/20/2018 4:07,278,39.989623,-70.37092
201802,167,4/20/2018 7:21,222,39.976203,-70.101757
201802,168,4/20/2018 10:25,150,40.024125,-69.972927
201802,169,4/20/2018 13:16,124,40.02328,-69.687755
201802,170,4/20/2018 17:32,83,40.282707,-69.329193
201802,171,4/20/2018 19:50,76,40.409357,-69.308447
201802,172,4/20/2018 22:20,89,40.332138,-69.108743
201802,173,4/21/2018 1:46,266,40.114823,-68.803807
201802,174,4/21/2018 3:56,155,40.15794,-68.76807
201802,175,4/21/2018 6:46,103,40.33435,-68.539888
201802,176,4/21/2018 10:32,199,40.239053,-68.330678
201802,177,4/21/2018 12:56,105,40.43252,-68.336757
201802,178,4/21/2018 16:27,87,40.639803,-68.023335
201802,179,4/21/2018 18:44,140,40.437753,-68.016353
201802,180,4/21/2018 21:02,105,40.505178,-67.883677
201802,181,4/22/2018 1:22,285,40.500615,-67.714575
201802,182,4/22/2018 5:05,168,40.53062,-67.199733
201802,183,4/22/2018 9:10,235,40.78026,-66.753797
201802,184,4/22/2018 11:51,190,40.830738,-66.68336
201802,185,4/22/2018 14:30,94,40.994923,-66.575685
201802,186,4/22/2018 16:51,120,41.126008,-66.417833
201802,187,4/22/2018 18:56,159,41.17232,-66.315747
201802,188,4/22/2018 21:24,108,41.332795,-66.277168
201802,189,4/22/2018 23:44,139,41.338315,-66.205952
201802,190,4/23/2018 2:17,96,41.598392,-66.096225
201802,191,4/23/2018 4:18,106,41.737167,-65.959673
201802,192,4/23/2018 7:50,222,41.837365,-65.728278
201802,193,4/23/2018 10:15,169,41.93286,-65.818727
201802,196,4/23/2018 16:41,93,41.939465,-66.095237
201802,198,4/23/2018 19:56,83,41.860693,-66.203095
201802,199,4/23/2018 22:04,81,41.922635,-66.329683
201802,201,4/24/2018 1:57,209,42.146617,-66.088655
201802,202,4/24/2018 5:14,84,42.11644,-66.507713
201802,203,4/24/2018 8:08,185,42.176735,-66.804517
201802,204,4/24/2018 10:16,70,42.098563,-66.835323
201802,205,4/24/2018 13:30,67,41.689233,-66.681365
201802,206,5/1/2018 21:31,47,40.952628,-70.484803
201802,207,5/1/2018 23:43,41,40.990968,-70.378268
201802,208,5/2/2018 2:01,31,40.918007,-70.191963
201802,209,5/2/2018 4:36,27,41.142657,-70.173108
201802,210,5/2/2018 7:26,24,41.060473,-70.049702
201802,213,5/2/2018 23:44,54,41.108905,-69.224872
201802,215,5/3/2018 2:26,54,41.072558,-69.224183
201802,216,5/3/2018 5:29,107,41.19418,-68.940845
201802,217,5/3/2018 7:58,78,41.259612,-68.746845
201802,218,5/3/2018 11:10,54,41.207385,-68.417145
201802,220,5/3/2018 16:18,51,41.200735,-68.093367
201802,221,5/3/2018 19:26,54,41.017957,-67.769028
201802,222,5/3/2018 22:06,63,41.008242,-67.673082
201802,223,5/4/2018 0:23,57,41.118275,-67.55506
201802,224,5/4/2018 3:12,52,41.344362,-67.241982
201802,225,5/4/2018 7:18,64,41.477068,-67.032407
201802,226,5/4/2018 10:29,73,41.569088,-66.733922
201802,227,5/4/2018 13:27,63,41.714585,-66.969708
201802,228,5/4/2018 16:08,51,41.90132,-67.294428
201802,229,5/4/2018 19:06,74,42.068605,-67.501508
201802,230,5/4/2018 21:15,83,42.107437,-67.400062
201802,231,5/5/2018 0:52,243,42.226538,-67.371657
201802,232,5/5/2018 4:56,234,42.240295,-67.00683
201802,233,5/5/2018 14:20,366,42.40588,-67.134315
201802,234,5/5/2018 17:47,346,42.401677,-67.330838
201802,235,5/5/2018 22:21,196,42.3358,-67.818735
201802,236,5/6/2018 2:13,205,42.09016,-67.880808
201802,237,5/6/2018 4:49,182,41.952582,-68.029453
201802,239,5/6/2018 10:10,51,41.73609,-68.155595
201802,240,5/6/2018 13:23,85,41.538393,-68.492108
201802,241,5/6/2018 15:35,148,41.653713,-68.479772
201802,242,5/6/2018 18:35,211,41.81969,-68.453622
201802,243,5/6/2018 22:13,170,41.964163,-68.619677
201802,244,5/7/2018 0:39,153,42.06699,-68.804362
201802,245,5/7/2018 4:09,203,42.278025,-69.051607
201802,246,5/7/2018 7:16,227,42.406165,-69.147378
201802,247,5/7/2018 11:04,204,42.528597,-68.783578
201802,248,5/7/2018 17:10,161,43.293058,-68.692813
201802,249,5/7/2018 21:03,192,43.335542,-68.44074
201802,250,5/8/2018 0:29,205,43.161988,-68.446733
201802,251,5/8/2018 3:20,192,43.281932,-68.244137
201802,252,5/8/2018 6:25,205,43.216337,-68.104188
201802,253,5/8/2018 9:21,237,43.287712,-67.97871
201802,254,5/8/2018 12:22,216,43.473617,-68.023693
201802,255,5/8/2018 14:50,226,43.560082,-67.960552
201802,256,5/8/2018 19:53,174,43.79604,-67.22208
201802,258,5/9/2018 0:25,169,43.968592,-66.984113
201802,259,5/9/2018 3:17,151,44.07958,-66.836868
201802,260,5/9/2018 7:55,142,44.347692,-67.293262
201802,261,5/9/2018 14:13,102,44.095575,-68.085198
201802,262,5/9/2018 19:49,131,43.84917,-68.46468
201802,263,5/10/2018 0:50,153,43.601558,-68.724838
201802,264,5/10/2018 6:33,152,43.59528,-69.45646
201802,265,5/10/2018 10:11,110,43.574175,-69.829688
201802,266,5/10/2018 14:51,131,43.14627,-69.7199
201802,267,5/10/2018 17:40,145,43.027715,-69.61895
201802,268,5/10/2018 22:22,160,42.975128,-70.19166
201802,269,5/11/2018 0:53,135,42.932018,-70.367518
201802,270,5/11/2018 3:38,134,42.84767,-70.40939
201802,272,5/11/2018 6:31,92,42.75848,-70.402487
201802,273,5/11/2018 8:49,102,42.787018,-70.562745
201802,274,5/11/2018 11:04,33,42.83796,-70.754225
201802,275,5/11/2018 12:52,49,42.772723,-70.673872
201802,277,5/11/2018 14:59,74,42.749713,-70.600752
201802,278,5/11/2018 17:53,92,42.598532,-70.337403
201802,280,5/11/2018 21:21,57,42.467528,-70.565665
201802,283,5/12/2018 1:04,67,42.428852,-70.691805
201802,284,5/12/2018 3:35,48,42.413532,-70.758608
201802,285,5/12/2018 6:12,29,42.355038,-70.835278
201802,286,5/12/2018 10:42,32,42.126633,-70.560897
201802,287,5/12/2018 13:48,65,42.101707,-70.20705
201802,288,5/12/2018 17:08,28,41.994308,-69.981037
201802,289,5/12/2018 19:06,26,41.951675,-69.950165
201902,9,3/10/2019 21:57,19,36.88812,-75.756725
201902,10,3/11/2019 0:56,26,36.52979,-75.677875
201902,11,3/11/2019 3:33,26,36.554605,-75.469823
201902,12,3/11/2019 5:39,29,36.374535,-75.454675
201902,13,3/11/2019 7:04,25,36.283365,-75.52121
201902,14,3/11/2019 9:44,27,36.258828,-75.617878
201902,15,3/11/2019 11:27,23,36.140097,-75.63846
201902,16,3/11/2019 13:18,28,36.061672,-75.44409
201902,17,3/11/2019 15:00,26,35.881985,-75.439205
201902,18,3/11/2019 16:40,35,35.812965,-75.297965
201902,19,3/11/2019 18:24,33,35.764595,-75.15467
201902,20,3/11/2019 21:39,29,35.657847,-75.334735
201902,21,3/12/2019 0:18,31,35.43174,-75.13404
201902,22,3/12/2019 2:21,26,35.324907,-75.345297
201902,23,3/12/2019 3:43,23,35.263263,-75.315155
201902,24,3/12/2019 6:07,70,35.05337,-75.312117
201902,25,3/12/2019 7:54,26,35.078888,-75.41263
201902,26,3/12/2019 9:53,75,34.930393,-75.447872
201902,27,3/12/2019 13:05,29,34.929235,-75.791135
201902,28,3/12/2019 15:42,35,34.759442,-75.834615
201902,29,3/12/2019 19:23,132,34.565008,-75.736712
201902,30,3/12/2019 21:59,281,34.607418,-75.62833
201902,31,3/13/2019 1:22,298,34.856645,-75.381743
201902,32,3/13/2019 4:43,184,35.071157,-75.188487
201902,34,3/13/2019 10:35,120,35.581545,-74.797333
201902,35,3/13/2019 12:45,189,35.659082,-74.805097
201902,36,3/13/2019 14:31,51,35.62012,-74.950767
201902,37,3/13/2019 18:04,87,35.861398,-74.904182
201902,38,3/13/2019 19:47,51,35.905938,-74.995168
201902,39,3/13/2019 22:14,126,35.961408,-74.81678
201902,41,3/14/2019 3:09,152,36.161765,-74.790502
201902,42,3/14/2019 6:21,95,36.192008,-74.83799
201902,43,3/14/2019 8:12,207,36.267508,-74.780892
201902,44,3/14/2019 11:53,76,36.449,-74.819167
201902,45,3/14/2019 14:29,34,36.366623,-75.114422
201902,46,3/14/2019 18:00,92,36.645717,-74.73537
201902,47,3/14/2019 23:38,133,36.660135,-74.706625
201902,48,3/15/2019 2:04,86,36.926468,-74.693663
201902,49,3/15/2019 4:22,145,37.001903,-74.62503
201902,50,3/15/2019 6:44,128,37.19394,-74.559348
201902,51,3/15/2019 8:56,247,37.218115,-74.517262
201902,52,3/15/2019 10:46,88,37.179575,-74.645043
201902,53,3/15/2019 13:15,54,37.272553,-74.811223
201902,54,3/15/2019 14:31,51,37.224352,-74.86622
201902,55,3/15/2019 16:10,43,37.192913,-74.95286
201902,56,3/15/2019 18:52,43,36.97075,-75.01042
201902,57,3/15/2019 21:52,30,37.08231,-75.324248
201902,58,3/16/2019 0:16,22,37.099468,-75.598603
201902,59,3/16/2019 2:24,25,37.186902,-75.55254
201902,60,3/16/2019 4:33,29,37.366555,-75.452357
201902,61,3/16/2019 6:12,23,37.448957,-75.45984
201902,62,3/16/2019 8:34,21,37.663875,-75.332675
201902,63,3/16/2019 10:13,28,37.757163,-75.191215
201902,64,3/16/2019 12:18,37,37.760335,-74.97798
201902,65,3/16/2019 14:22,25,37.958197,-75.008488
201902,66,3/16/2019 16:21,22,38.107197,-74.97202
201902,67,3/16/2019 19:46,54,37.932533,-74.496005
201902,68,3/16/2019 22:46,70,37.633348,-74.436045
201902,70,3/17/2019 5:01,222,37.498828,-74.350163
201902,72,3/17/2019 10:48,141,37.860228,-74.134343
201902,73,3/17/2019 12:46,75,37.914818,-74.25844
201902,74,3/17/2019 14:31,105,37.993362,-74.123222
201902,75,3/17/2019 16:51,117,38.12763,-73.915815
201902,76,3/17/2019 18:45,120,38.20022,-73.740902
201902,77,3/17/2019 21:56,231,38.369385,-73.576595
201902,78,3/18/2019 0:37,258,38.380413,-73.437302
201902,79,3/18/2019 2:57,104,38.49809,-73.43377
201902,80,3/18/2019 4:34,72,38.488758,-73.630643
201902,81,3/18/2019 6:25,63,38.64406,-73.564003
201902,82,3/18/2019 7:52,64,38.742108,-73.575258
201902,83,3/18/2019 9:55,52,38.918243,-73.56563
201902,84,3/18/2019 11:56,49,39.086562,-73.58618
201902,86,3/18/2019 15:04,77,38.753737,-73.38446
201902,87,3/18/2019 16:50,88,38.738023,-73.24101
201902,88,3/18/2019 19:31,228,38.515855,-73.27595
201902,89,3/18/2019 22:25,206,38.634343,-73.165635
201902,90,3/19/2019 1:04,148,38.683888,-73.132235
201902,91,3/19/2019 3:12,250,38.726903,-73.041133
201902,92,3/19/2019 5:07,87,38.815518,-73.107803
201902,93,3/19/2019 8:36,117,39.072687,-72.81808
201902,95,3/19/2019 12:09,103,39.271778,-72.749875
201902,96,3/19/2019 14:29,143,39.333127,-72.42778
201902,97,3/19/2019 17:14,222,39.33036,-72.294292
201902,98,3/19/2019 20:04,201,39.517728,-72.26964
201902,99,3/19/2019 22:44,152,39.5207,-72.203378
201902,100,3/20/2019 0:46,124,39.63893,-72.191523
201902,101,3/20/2019 3:10,88,39.909567,-72.074425
201902,102,3/20/2019 4:50,128,39.876422,-71.921933
201902,103,3/20/2019 7:09,191,39.830915,-71.82076
201902,104,3/20/2019 9:11,117,39.941178,-71.628438
201902,105,3/20/2019 10:59,105,39.966933,-71.78015
201902,106,3/20/2019 12:32,84,40.022562,-71.932835
201902,107,3/20/2019 13:55,80,40.023107,-72.081993
201902,108,3/20/2019 15:10,70,40.101017,-72.170313
201902,109,3/20/2019 17:51,73,40.290205,-71.79735
201902,110,3/20/2019 20:16,82,40.333798,-71.478245
201902,111,3/20/2019 22:17,78,40.47699,-71.6294
201902,112,3/26/2019 18:26,48,41.20883,-71.225903
201902,113,3/26/2019 21:45,48,41.00076,-71.289693
201902,114,3/27/2019 1:16,65,40.608418,-71.290057
201902,115,3/27/2019 2:56,63,40.644695,-71.356098
201902,116,3/27/2019 7:15,49,40.654795,-72.176262
201902,117,3/27/2019 10:42,61,40.216403,-72.453967
201902,118,3/27/2019 13:09,47,40.421337,-72.639373
201902,119,3/27/2019 16:26,46,40.16307,-73.125252
201902,120,3/27/2019 18:02,46,40.136363,-73.054938
201902,121,3/27/2019 20:51,56,39.906877,-72.784867
201902,122,3/28/2019 0:07,45,39.77813,-73.222168
201902,123,3/28/2019 3:07,62,39.608995,-72.930963
201902,124,3/28/2019 4:44,46,39.543782,-73.095765
201902,125,3/28/2019 6:16,58,39.437388,-73.182757
201902,126,3/28/2019 10:39,36,39.098838,-73.956445
201902,127,3/28/2019 13:00,36,38.886678,-74.156495
201902,128,3/28/2019 14:46,40,38.780583,-74.338172
201902,129,3/28/2019 17:20,52,38.628567,-74.164885
201902,130,3/28/2019 20:19,31,38.506272,-74.596385
201902,131,3/28/2019 22:26,24,38.469225,-74.808278
201902,132,3/28/2019 23:39,18,38.458117,-74.892473
201902,133,3/29/2019 0:52,22,38.51374,-74.849873
201902,134,3/29/2019 2:41,17,38.668972,-74.820755
201902,135,3/29/2019 4:24,22,38.67701,-74.697905
201902,136,3/29/2019 5:43,17,38.743395,-74.779203
201902,137,3/29/2019 7:38,19,38.804707,-74.62071
201902,138,3/29/2019 10:29,19,39.189482,-74.477843
201902,139,3/29/2019 11:33,21,39.173508,-74.444835
201902,140,3/29/2019 12:40,26,39.119435,-74.41373
201902,141,3/29/2019 14:05,27,39.155267,-74.210265
201902,142,3/29/2019 15:04,25,39.201803,-74.24774
201902,143,3/29/2019 16:48,30,39.271365,-74.082362
201902,144,3/29/2019 18:43,26,39.433095,-74.046243
201902,145,3/29/2019 20:28,24,39.584855,-74.026458
201902,146,3/29/2019 22:09,20,39.671948,-73.818803
201902,147,3/30/2019 0:04,23,39.839992,-73.963853
201902,148,3/30/2019 1:45,23,40.011298,-73.968158
201902,149,3/30/2019 3:06,26,40.033592,-73.86171
201902,150,3/30/2019 5:05,23,40.24348,-73.911422
201902,151,3/30/2019 7:01,34,40.229637,-73.682522
201902,152,3/30/2019 8:48,27,40.334487,-73.671695
201902,153,3/30/2019 10:16,22,40.44659,-73.645398
201902,154,3/30/2019 11:17,24,40.442108,-73.59351
201902,155,3/30/2019 12:41,26,40.42811,-73.418365
201902,156,3/30/2019 14:35,28,40.537592,-73.115568
201902,157,3/30/2019 15:35,25,40.571922,-73.047758
201902,158,3/30/2019 18:05,27,40.74825,-72.642785
201902,159,3/30/2019 20:32,30,40.864962,-72.233653
201902,160,3/30/2019 22:04,23,40.908135,-72.18387
201902,161,3/30/2019 23:11,30,40.914585,-72.073583
201902,162,3/31/2019 1:04,41,40.840995,-71.98111
201902,163,3/31/2019 2:39,33,40.902743,-71.968502
201902,164,3/31/2019 3:51,29,40.94105,-71.968763
201902,165,3/31/2019 5:27,27,41.020298,-71.7674
201902,166,3/31/2019 6:48,37,41.089685,-71.633247
201902,167,3/31/2019 12:26,88,40.380145,-71.098223
201902,168,3/31/2019 15:34,92,40.144765,-71.364587
201902,169,3/31/2019 17:13,117,40.127365,-71.261828
201902,170,3/31/2019 19:02,201,40.062512,-71.148583
201902,172,3/31/2019 23:52,207,40.051087,-70.940922
201902,173,4/1/2019 2:46,129,40.152837,-70.735688
201902,174,4/1/2019 4:34,118,40.2045,-70.552167
201902,175,4/1/2019 11:48,76,40.486348,-70.673363
201902,176,4/1/2019 23:07,188,40.031023,-70.555825
201902,177,4/2/2019 1:43,163,40.082308,-70.445578
201902,178,4/2/2019 5:33,125,40.065047,-69.859665
201902,179,4/2/2019 7:54,140,39.978697,-69.766238
201902,180,4/2/2019 10:25,202,39.945907,-69.575267
201902,181,4/2/2019 12:44,246,39.931328,-69.4763
201902,182,4/2/2019 15:43,209,40.004488,-69.218912
201902,183,4/2/2019 17:36,150,40.028228,-69.237852
201902,184,4/4/2019 3:00,26,41.403205,-71.253183
201902,186,4/4/2019 6:03,24,41.39152,-71.142633
201902,187,4/4/2019 7:12,26,41.359213,-71.031297
201902,191,4/4/2019 14:53,29,41.23651,-70.675418
201902,192,4/4/2019 16:24,28,41.265928,-70.633127
201902,193,4/4/2019 18:54,36,41.14125,-70.412658
201902,194,4/4/2019 21:16,27,41.188648,-70.247002
201902,195,4/4/2019 23:00,25,41.058757,-70.12384
201902,196,4/5/2019 1:25,42,40.952625,-70.312022
201902,197,4/11/2019 21:22,61,40.75156,-70.676388
201902,198,4/11/2019 23:35,62,40.645412,-70.557417
201902,199,4/12/2019 2:37,63,40.52996,-70.24338
201902,200,4/12/2019 5:27,44,40.724335,-70.04301
201902,201,4/12/2019 9:13,80,40.350167,-69.828202
201902,202,4/12/2019 11:55,65,40.571258,-69.684642
201902,203,4/12/2019 13:31,54,40.646868,-69.627723
201902,204,4/12/2019 16:24,67,40.524167,-69.57989
201902,206,4/12/2019 20:03,72,40.490798,-69.288402
201902,207,4/12/2019 22:10,59,40.7255,-69.304833
201902,208,4/13/2019 0:14,86,40.813412,-69.06539
201902,209,4/13/2019 2:35,87,40.67879,-69.094863
201902,210,4/13/2019 5:35,72,40.54178,-68.648637
201902,211,4/13/2019 8:12,117,40.246688,-68.6761
201902,212,4/13/2019 11:37,219,40.25696,-68.30265
201902,213,4/13/2019 13:11,142,40.315593,-68.321088
201902,214,4/13/2019 15:41,104,40.496675,-68.25991
201902,215,4/13/2019 17:29,93,40.56477,-68.332558
201902,216,4/13/2019 20:01,68,40.6321,-68.478733
201902,217,4/13/2019 22:36,57,40.896333,-68.539952
201902,218,4/14/2019 2:29,98,41.20727,-68.872972
201902,219,4/14/2019 4:11,99,41.129417,-68.953248
201902,220,4/14/2019 6:36,153,41.260373,-69.079313
201902,221,4/14/2019 10:27,59,41.102347,-69.27321
201902,225,4/15/2019 0:50,111,41.422333,-69.2965
201902,226,4/15/2019 5:04,30,41.441833,-69.586667
201902,228,4/15/2019 13:39,23,41.753393,-69.888455
201902,231,4/16/2019 12:36,38,41.918003,-70.282988
201902,233,4/16/2019 14:21,31,41.857355,-70.270212
201902,234,4/16/2019 15:39,26,41.832137,-70.252235
201902,235,4/16/2019 17:07,27,41.844987,-70.379743
201902,236,4/16/2019 18:19,37,41.910453,-70.4141
201902,237,4/16/2019 20:29,37,41.99123,-70.201145
201902,238,4/16/2019 23:18,24,42.075435,-70.088683
201902,239,4/17/2019 1:05,51,42.17274,-70.12892
201902,241,4/17/2019 3:43,57,42.057463,-69.982477
201902,242,4/17/2019 6:19,96,41.924492,-69.808977
201902,243,4/17/2019 9:28,159,41.890612,-69.670455
201902,244,4/17/2019 12:03,152,41.80815,-69.67734
201902,245,4/17/2019 15:08,179,41.791882,-69.446755
201902,248,4/18/2019 4:20,48,40.93075,-68.016075
201902,249,4/18/2019 6:06,68,40.822517,-67.925653
201902,250,4/18/2019 9:56,42,41.253833,-67.846167
201902,251,4/18/2019 12:02,42,41.294,-67.733667
201902,252,4/18/2019 16:11,79,40.91177,-67.416893
201902,253,4/18/2019 18:27,95,40.696267,-67.403665
201902,255,4/18/2019 23:07,144,40.53615,-67.39524
201902,256,4/19/2019 1:25,255,40.460993,-67.294617
201902,257,4/19/2019 4:10,98,40.727203,-67.281422
201902,258,4/19/2019 6:28,95,40.805225,-67.144968
201902,259,4/19/2019 9:17,74,41.011548,-67.145688
201902,260,4/19/2019 12:57,118,40.77142,-66.853995
201902,261,4/19/2019 16:02,242,40.687217,-66.84679
201902,262,4/19/2019 19:21,75,40.986905,-66.807685
201902,263,4/19/2019 22:56,247,40.858728,-66.620268
201902,265,4/20/2019 2:27,98,40.96258,-66.605322
201902,266,4/20/2019 4:04,144,40.92669,-66.575163
201902,267,4/20/2019 6:17,95,41.051168,-66.511525
201902,268,4/20/2019 9:04,152,41.165648,-66.32472
201902,269,4/20/2019 11:04,205,41.160733,-66.3129
201902,270,4/20/2019 14:06,135,41.305682,-66.242992
201902,271,4/20/2019 16:26,125,41.432167,-66.167
201902,272,4/20/2019 20:13,86,41.401658,-66.624875
201902,273,4/20/2019 22:52,84,41.553628,-66.574302
201902,274,4/21/2019 1:27,66,41.75882,-66.722962
201902,275,4/21/2019 4:17,78,41.75894,-66.426672
201902,276,4/21/2019 6:26,83,41.6905,-66.359833
201902,277,4/21/2019 9:30,86,41.893763,-66.392182
201902,278,4/21/2019 15:20,188,41.988947,-65.8351
201902,280,4/21/2019 22:32,203,42.053245,-65.914103
201902,282,4/22/2019 2:55,211,42.294422,-65.760903
201902,283,4/22/2019 6:13,219,42.469482,-66.038732
201902,284,4/22/2019 9:52,252,42.37782,-66.10922
201902,285,4/22/2019 12:21,263,42.315342,-66.081533
201902,286,4/22/2019 16:22,90,42.020828,-66.180545
201902,288,4/22/2019 20:24,185,42.152255,-66.310857
201902,289,4/23/2019 0:13,71,42.111398,-66.718957
201902,292,4/23/2019 9:26,71,42.05369,-66.8056
201902,293,4/23/2019 12:15,279,42.277368,-66.761418
201902,294,4/23/2019 14:51,188,42.199,-67.038997
201902,295,4/23/2019 16:27,85,42.156133,-67.022623
201902,296,4/23/2019 18:16,54,42.100782,-67.119518
201902,297,4/23/2019 20:06,55,42.029733,-67.205575
201902,298,4/23/2019 22:19,58,41.881613,-67.39779
201902,299,4/24/2019 1:33,64,41.658657,-66.956792
201902,300,4/24/2019 3:48,67,41.553697,-66.95225
201902,302,4/24/2019 6:18,64,41.478398,-67.030373
201902,303,4/24/2019 8:06,50,41.367082,-67.163577
201902,304,4/24/2019 10:15,54,41.510548,-67.162377
201902,305,4/24/2019 12:29,50,41.642753,-67.356297
201902,306,4/24/2019 14:40,47,41.562625,-67.521798
201902,307,4/24/2019 19:12,173,42.100093,-67.631008
201902,308,4/24/2019 21:35,59,41.937435,-67.809538
201902,309,4/24/2019 23:55,33,41.731442,-67.83516
201902,310,4/25/2019 3:00,201,41.94771,-68.124233
201902,311,4/25/2019 5:35,47,41.746485,-68.10415
201902,312,4/25/2019 7:06,76,41.767257,-68.241898
201902,313,4/25/2019 10:27,35,41.629008,-68.140727
201902,317,5/2/2019 12:45,123,41.415167,-68.738667
201902,318,5/2/2019 15:19,86,41.433,-68.496167
201902,319,5/2/2019 17:07,102,41.480833,-68.616167
201902,320,5/2/2019 20:59,166,41.9105,-68.637333
201902,321,5/3/2019 1:02,185,42.147167,-68.572167
201902,322,5/3/2019 5:05,190,42.438333,-68.5795
201902,323,5/3/2019 7:46,211,42.377667,-68.901
201902,324,5/3/2019 12:10,185,42.727167,-68.6375
201902,325,5/3/2019 15:42,180,42.817833,-68.838
201902,326,5/3/2019 18:01,195,42.925167,-68.694333
201902,328,5/3/2019 20:51,189,43.015167,-68.6025
201902,329,5/3/2019 23:48,193,43.167333,-68.354333
201902,330,5/4/2019 5:10,195,43.007167,-68.224833
201902,331,5/4/2019 7:32,190,42.9865,-68.335
201902,332,5/4/2019 10:06,195,42.8145,-68.438
201902,333,5/4/2019 13:20,189,42.6295,-68.1795
201902,334,5/4/2019 16:46,222,42.248,-67.959
201902,335,5/4/2019 20:05,233,42.475833,-67.778333
201902,336,5/5/2019 0:10,221,42.617667,-67.470333
201902,337,5/5/2019 3:14,341,42.4845,-67.188667
201902,338,5/5/2019 5:35,358,42.387167,-67.166167
201902,339,5/5/2019 8:00,361,42.414667,-67.046833
201902,340,5/5/2019 10:49,246,42.545333,-66.778667
201902,341,5/5/2019 14:46,242,42.935,-67.117667
201902,342,5/5/2019 18:45,211,43.051167,-67.505333
201902,343,5/5/2019 22:54,229,43.295,-67.8925
201902,344,5/6/2019 2:10,232,43.265667,-67.598833
201902,345,5/6/2019 4:48,225,43.244333,-67.241667
201902,346,5/6/2019 7:16,248,43.309833,-67.141333
201902,349,5/6/2019 18:09,121,43.470667,-66.646167
201902,350,5/6/2019 21:01,95,43.707333,-66.614833
201902,351,5/7/2019 0:36,183,43.771167,-67.151
201902,352,5/7/2019 3:44,193,43.956333,-67.259333
201902,354,5/7/2019 6:48,156,44.032333,-67.191667
201902,355,5/7/2019 10:47,94,44.035,-66.800833
201902,357,5/7/2019 14:37,190,44.322333,-66.671667
201902,358,5/7/2019 17:47,172,44.2405,-66.979
201902,359,5/7/2019 20:31,140,44.363667,-67.014833
201902,360,5/7/2019 22:46,188,44.266,-67.195667
201902,361,5/8/2019 2:15,70,44.354333,-67.705
201902,362,5/8/2019 5:02,86,44.186333,-68.029667
201902,363,5/8/2019 8:11,102,44.063333,-67.949333
201902,364,5/8/2019 13:17,181,43.683333,-68.1945
201902,365,5/8/2019 15:55,190,43.648667,-68.038167
201902,366,5/8/2019 19:07,247,43.592667,-67.860667
201902,367,5/8/2019 22:51,196,43.565667,-68.273667
201902,368,5/9/2019 2:05,149,43.606667,-68.625667
201902,369,5/9/2019 5:04,132,43.637667,-68.808333
201902,370,5/9/2019 8:13,130,43.386167,-68.934
201902,371,5/9/2019 10:19,147,43.396167,-68.9905
201902,372,5/9/2019 13:10,160,43.209333,-68.896667
201902,373,5/9/2019 15:34,165,43.262167,-69.035167
201902,374,5/9/2019 18:46,210,43.110333,-69.275667
201902,375,5/9/2019 22:37,141,43.273667,-69.754167
201902,376,5/10/2019 2:16,123,43.482167,-69.933667
201902,377,5/10/2019 4:18,117,43.476,-70.0415
201902,379,5/10/2019 9:38,123,43.032667,-70.364167
201902,380,5/10/2019 12:17,174,42.940833,-70.236
201902,381,5/10/2019 15:16,115,42.809833,-70.5245
201902,382,5/10/2019 17:48,40,42.7375,-70.661167
201902,383,5/10/2019 20:10,49,42.596,-70.582
201902,384,5/10/2019 22:30,66,42.4975,-70.672167
201902,385,5/11/2019 0:17,70,42.517,-70.595333
201902,387,5/11/2019 6:20,91,42.670167,-70.215833
201902,388,5/11/2019 9:03,184,42.6925,-69.969
201902,389,5/11/2019 12:17,262,42.837667,-69.811333
201902,390,5/11/2019 14:03,262,42.778333,-69.691333
201902,391,5/11/2019 16:41,270,42.617667,-69.664333
201902,392,5/11/2019 19:46,240,42.637167,-69.391667
201902,393,5/11/2019 22:32,243,42.377,-69.593667
201902,395,5/12/2019 0:59,249,42.383667,-69.817667
201902,396,5/12/2019 4:16,154,42.067,-69.835333
201902,397,5/12/2019 6:01,131,42.1605,-69.988333
201902,398,5/12/2019 7:57,93,42.283,-70.0935
201902,399,5/12/2019 9:42,83,42.434167,-70.152167
201902,400,5/12/2019 12:00,92,42.336333,-70.350333
201902,401,5/12/2019 14:08,59,42.272,-70.57
201902,402,5/12/2019 15:51,51,42.329167,-70.670833
201902,403,5/12/2019 17:58,34,42.397667,-70.788833
201902,404,5/12/2019 22:52,33,42.268333,-70.673833
201902,408,5/13/2019 14:11,52,42.043333,-70.444
